regular_task_id,task_name,task_department_name,task_type,members,task_description,task_files,task_due_date,cron,previous_regular_task_id,status,knowledge_center,created_at,updated_at,member_name
3698,import issue,TechTeam,Irregular Task,{'Amit Kumar Tiwari': 82},import issue,,2021-07-26,,0,Done,0.0,26-07-2021,,Amit Kumar Tiwari
2212,pick list api issue,TechTeam,Irregular Task,{'Amit Kumar Tiwari': 82},pick list api issue,,,,0,Done,0.0,22-07-2021,,Amit Kumar Tiwari
2048,White listing issues and changes(Testing),TechTeam,Regular Task,{'Amit Kumar Tiwari': 82},White listing issues and changes,,,,0,Assigned,0.0,26-07-2021,,Amit Kumar Tiwari
3566,pick list creation issue,TechTeam,Irregular Task,{'Amit Kumar Tiwari': 82},pick list creation issue,,2021-07-26,,0,Done,0.0,26-07-2021,,Amit Kumar Tiwari
4095,KT,TechTeam,Regular Task,{'Amit Kumar Tiwari': 82},,,2021-08-06,,0,Done,0.0,28-07-2021,,Amit Kumar Tiwari
2080,training,TechTeam,Irregular Task,{'Amit Kumar Tiwari': 82},django and database training,,2021-07-22,,0,Done,0.0,26-07-2021,,Amit Kumar Tiwari
3466,stock update file cross check,TechTeam,Regular Task,{'Amit Kumar Tiwari': 82},stock update file cross check,,2021-08-06,,0,Done,0.0,28-07-2021,,Amit Kumar Tiwari
3202,random issues,TechTeam,Irregular Task,{'Amit Kumar Tiwari': 82},random issues,,,,0,Done,0.0,26-07-2021,,Amit Kumar Tiwari
2344,kanban api pagination issue,TechTeam,Irregular Task,{'Amit Kumar Tiwari': 82},kanban api pagination issue,,2021-07-22,,0,Done,0.0,26-07-2021,,Amit Kumar Tiwari
5083,wms po code modification,TechTeam,Irregular Task,{'Amit Kumar Tiwari': 82},wms po code modification,,,,0,Done,0.0,28-07-2021,,Amit Kumar Tiwari
1552,New API creation,TechTeam,Irregular Task,{'Amit Kumar Tiwari': 82},new api creation for. EAN and instruction lot,,2021-07-20,,0,Done,0.0,22-07-2021,,Amit Kumar Tiwari
4160,new table with generic api in testers instance,TechTeam,Irregular Task,{'Amit Kumar Tiwari': 82},new table with generic api in testers instance,,2021-07-27,,0,Done,0.0,27-07-2021,,Amit Kumar Tiwari
5018,generate po issue,TechTeam,Irregular Task,{'Amit Kumar Tiwari': 82},,,2021-07-28,,0,Done,0.0,28-07-2021,,Amit Kumar Tiwari
1453,portal price update issue mongo db query,TechTeam,Irregular Task,{'Amit Kumar Tiwari': 82},portal price update issue,,2021-07-20,,0,Done,0.0,22-07-2021,,Amit Kumar Tiwari
2543,random issue,TechTeam,Irregular Task,{'Amit Kumar Tiwari': 82},"random issue(import issue, api issues)",,2021-07-30,,0,Done,0.0,28-07-2021,,Amit Kumar Tiwari
5248,random errors,TechTeam,Irregular Task,{'Amit Kumar Tiwari': 82},,,,,0,Assigned,0.0,28-07-2021,,Amit Kumar Tiwari
2774,kanban api issues,TechTeam,Irregular Task,{'Amit Kumar Tiwari': 82},kanban api issue(log implementation),,2021-07-27,,0,Done,0.0,26-07-2021,,Amit Kumar Tiwari
2776,interviews,TechTeam,Irregular Task,{'Amit Kumar Tiwari': 82},django interviews,,,,0,Done,0.0,26-07-2021,,Amit Kumar Tiwari
2114,bin scan api issue,TechTeam,Irregular Task,{'Amit Kumar Tiwari': 82},bin scan api issue,,2021-07-22,,0,Done,0.0,26-07-2021,,Amit Kumar Tiwari
5249,requiremet code modification,TechTeam,Irregular Task,{'Amit Kumar Tiwari': 82},,,,,0,Done,0.0,29-07-2021,,Amit Kumar Tiwari
5645,kanban report generation,TechTeam,Irregular Task,{'Amit Kumar Tiwari': 82},kanban report generation,,,,0,In Progress,0.0,29-07-2021,,Amit Kumar Tiwari
4621,salary code modification,TechTeam,Irregular Task,{'Amit Kumar Tiwari': 82},,,2021-07-27,,0,Done,0.0,28-07-2021,,Amit Kumar Tiwari
5776,test for update,TechTeam,Irregular Task,{'Amit Kumar Tiwari': 82},,,,,0,Done,0.0,29-07-2021,29-07-2021,Amit Kumar Tiwari
4490,stock_partial_update_api_issue,TechTeam,Irregular Task,{'Amit Kumar Tiwari': 82},stock_partial_update_api_issue,,2021-07-27,,0,On hold,0.0,29-07-2021,,Amit Kumar Tiwari
1321,Document DB,TechTeam,Irregular Task,{'Amit Kumar Tiwari': 82},All DB functinality to be tested. Migration of pricing DB to document DB,,2021-07-30,"0 20 * * MON,WED,FRI",0,On hold,0.0,28-07-2021,,Amit Kumar Tiwari
1420,Min 6pc profit work,TechTeam,Irregular Task,{'C Madhan Mohan Reddy': 614},,,,,0,In Progress,0.0,27-07-2021,,C Madhan Mohan Reddy'
3433,scraping data and lost and found KT to kartheek,TechTeam,Irregular Task,{'C Madhan Mohan Reddy': 614},,,,,0,Assigned,0.0,27-07-2021,,C Madhan Mohan Reddy'
2906,training to kartheek on basic things,TechTeam,Irregular Task,{'C Madhan Mohan Reddy': 614},,,,,0,In Progress,0.0,23-07-2021,,C Madhan Mohan Reddy'
2443,DDaily Reports,TechTeam,Regular Task,{'C Madhan Mohan Reddy': 614},,,2021-07-22,"30 18 * * MON,TUE,WED,THU,FRI",1750,Done,0.0,27-07-2021,,C Madhan Mohan Reddy'
1520,bug fixing lost and found code,TechTeam,Emergency Task,{'C Madhan Mohan Reddy': 614},,,,,0,Done,0.0,20-07-2021,,C Madhan Mohan Reddy'
3895,getting product_id details,TechTeam,Irregular Task,{'C Madhan Mohan Reddy': 614},,,,,0,On hold,0.0,27-07-2021,,C Madhan Mohan Reddy'
4523,DDaily Reports,TechTeam,Regular Task,{'C Madhan Mohan Reddy': 614},,,2021-07-27,"30 18 * * MON,TUE,WED,THU,FRI",2443,Assigned,0.0,27-07-2021,,C Madhan Mohan Reddy'
1750,DDaily Reports,TechTeam,Regular Task,{'C Madhan Mohan Reddy': 614},,,2021-07-21,"30 18 * * MON,TUE,WED,THU,FRI",1618,Done,0.0,22-07-2021,,C Madhan Mohan Reddy'
1915,flipkart processing code update,TechTeam,Irregular Task,{'C Madhan Mohan Reddy': 614},,,,,0,On hold,0.0,27-07-2021,,C Madhan Mohan Reddy'
3697,return automation (update awb),TechTeam,Irregular Task,{'C Madhan Mohan Reddy': 614},,,,,0,In Progress,0.0,27-07-2021,,C Madhan Mohan Reddy'
5182,returns automation( update awb) kt to mahesh and kartheek,TechTeam,Irregular Task,{'C Madhan Mohan Reddy': 614},,,,,0,Assigned,0.0,28-07-2021,,C Madhan Mohan Reddy'
5743,lost and found(flex to smart),TechTeam,Irregular Task,{'C Madhan Mohan Reddy': 614},,,,,0,Assigned,0.0,29-07-2021,,C Madhan Mohan Reddy'
1618,DDaily Reports,TechTeam,Regular Task,{'C Madhan Mohan Reddy': 614},,,2021-07-20,"30 18 * * MON,TUE,WED,THU,FRI",0,Done,0.0,21-07-2021,,C Madhan Mohan Reddy'
4522,scrap data code,TechTeam,Irregular Task,{'C Madhan Mohan Reddy': 614},,,,,0,Assigned,0.0,27-07-2021,,C Madhan Mohan Reddy'
2014,amazon processing code,TechTeam,Irregular Task,{'C Madhan Mohan Reddy': 614},,,,,0,On hold,0.0,27-07-2021,,C Madhan Mohan Reddy'
3763,Pyhton code change,TechTeam,Irregular Task,{'Harsh Kumar': 1448},,,2021-07-26,,0,Done,0.0,26-07-2021,,Harsh Kumar':
2575,Demo for training Kanban,TechTeam,Irregular Task,{'Harsh Kumar': 1448},First time hands on demo of kanban,,2021-07-22,,0,Done,0.0,22-07-2021,,Harsh Kumar':
4687,Setup Repositories to Local Machine and Understanding File Structure,TechTeam,Irregular Task,{'Harsh Kumar': 1448},,,2021-07-27,,0,Done,0.0,27-07-2021,,Harsh Kumar':
3862,Training For Authentication,TechTeam,Irregular Task,{'Harsh Kumar': 1448},,,,,0,Done,0.0,26-07-2021,,Harsh Kumar':
3994,New DB in testers instance,TechTeam,Irregular Task,{'Harsh Kumar': 1448},,,,,0,Done,0.0,26-07-2021,,Harsh Kumar':
3103,"Training for Docker, SSH, Sql",TechTeam,Irregular Task,{'Harsh Kumar': 1448},,,,,0,Done,0.0,25-07-2021,,Harsh Kumar':
3070,Training for Bitbucket and project,TechTeam,Irregular Task,"{'Harsh Kumar': 1448, 'Amit Kumar Tiwari': 82}",,,,,0,Done,0.0,26-07-2021,,"Harsh Kumar': 1448, 'Amit Kumar Tiwari"
4885,meeting regarding ssh and project structure,TechTeam,Irregular Task,"{'Harsh Kumar': 1448, 'Amit Kumar Tiwari': 82}",,,,,0,Done,0.0,27-07-2021,,"Harsh Kumar': 1448, 'Amit Kumar Tiwari"
3929,running flxe to smart moudle  again,TechTeam,Regular Task,{'Kuntrapakam Mahesh': 1439},,,,,0,Done,0.0,26-07-2021,,Kuntrapakam Mahesh':
4754,Running flextosmart Moudile,TechTeam,Regular Task,{'Kuntrapakam Mahesh': 1439},lost and found,,2021-07-28,"0 0 * * MON,TUE,WED,THU,FRI",4161,Done,0.0,28-07-2021,,Kuntrapakam Mahesh':
5447,Running flextosmart Moudile,TechTeam,Regular Task,{'Kuntrapakam Mahesh': 1439},lost and found,,2021-07-29,"0 0 * * MON,TUE,WED,THU,FRI",4754,Assigned,0.0,28-07-2021,,Kuntrapakam Mahesh':
5216,training regarding returns,TechTeam,Irregular Task,{'Kuntrapakam Mahesh': 1439},,,,,0,Done,0.0,28-07-2021,,Kuntrapakam Mahesh':
2841,flipkart missing orders,TechTeam,Regular Task,{'Kuntrapakam Mahesh': 1439},for manifest_updation,,,,0,Done,0.0,23-07-2021,,Kuntrapakam Mahesh':
5348,flipkart missinmg orders,TechTeam,Regular Task,{'Kuntrapakam Mahesh': 1439},,,,,0,Done,0.0,28-07-2021,,Kuntrapakam Mahesh':
5446,amazon missing orders,TechTeam,Regular Task,{'Kuntrapakam Mahesh': 1439},,,,,0,Assigned,0.0,28-07-2021,,Kuntrapakam Mahesh':
5578,mf_updation,TechTeam,Regular Task,{'Kuntrapakam Mahesh': 1439},,,,,0,Done,0.0,28-07-2021,,Kuntrapakam Mahesh':
3301,amazon missing,TechTeam,Regular Task,{'Kuntrapakam Mahesh': 1439},,,,,0,Done,0.0,26-07-2021,,Kuntrapakam Mahesh':
4852,flipkart missing,TechTeam,Regular Task,{'Kuntrapakam Mahesh': 1439},,,,,0,Done,0.0,27-07-2021,,Kuntrapakam Mahesh':
3600,"amazon missing 24,25",TechTeam,Regular Task,{'Kuntrapakam Mahesh': 1439},,,,,0,Done,0.0,26-07-2021,,Kuntrapakam Mahesh':
3569,AMAZON MISSING ORDERS 23/07,TechTeam,Regular Task,{'Kuntrapakam Mahesh': 1439},,,,,0,Done,0.0,26-07-2021,,Kuntrapakam Mahesh':
4162,Running flextosmart,TechTeam,Regular Task,{'Kuntrapakam Mahesh': 1439},,,,,0,Done,0.0,27-07-2021,,Kuntrapakam Mahesh':
4423,p&l,TechTeam,Regular Task,{'Kuntrapakam Mahesh': 1439},,,,,0,Done,0.0,27-07-2021,,Kuntrapakam Mahesh':
4391,mf_updation 26(2),TechTeam,Regular Task,{'Kuntrapakam Mahesh': 1439},,,,,0,Done,0.0,27-07-2021,,Kuntrapakam Mahesh':
4753,amazon missing orders,TechTeam,Regular Task,{'Kuntrapakam Mahesh': 1439},,,,,0,Done,0.0,27-07-2021,,Kuntrapakam Mahesh':
3401,Running flextosmart Moudile,TechTeam,Regular Task,{'Kuntrapakam Mahesh': 1439},lost and found,,2021-07-26,"0 0 * * MON,TUE,WED,THU,FRI",0,Done,0.0,27-07-2021,,Kuntrapakam Mahesh':
3829,"mf_updation 24,25,23",TechTeam,Regular Task,{'Kuntrapakam Mahesh': 1439},,,,,0,Done,0.0,26-07-2021,,Kuntrapakam Mahesh':
4161,Running flextosmart Moudile,TechTeam,Regular Task,{'Kuntrapakam Mahesh': 1439},lost and found,,2021-07-28,"0 0 * * MON,TUE,WED,THU,FRI",3401,Done,0.0,27-07-2021,,Kuntrapakam Mahesh':
2872,mf updation _22,TechTeam,Regular Task,{'Kuntrapakam Mahesh': 1439},yesterdays file,,,,0,Done,0.0,23-07-2021,,Kuntrapakam Mahesh':
1519,amazon missing orders,TechTeam,Regular Task,{'Kuntrapakam Mahesh': 1439},amazon missing orders for mf_updation,,,,0,Done,0.0,20-07-2021,,Kuntrapakam Mahesh':
2775,running flextosmart module,TechTeam,Regular Task,{'Kuntrapakam Mahesh': 1439},,,,,0,Done,0.0,26-07-2021,,Kuntrapakam Mahesh':
1585,flipkart missing orders,TechTeam,Regular Task,{'Kuntrapakam Mahesh': 1439},for mf updation,,,,0,Done,0.0,20-07-2021,,Kuntrapakam Mahesh':
1421,Running Flextosmart,TechTeam,Regular Task,{'Kuntrapakam Mahesh': 1439},Running Lost and Found code,,,,0,Done,,20-07-2021,,Kuntrapakam Mahesh':
2047,running flextosmart module,TechTeam,Regular Task,{'Kuntrapakam Mahesh': 1439},,,,,0,Done,0.0,22-07-2021,,Kuntrapakam Mahesh':
2675,mf_updation,TechTeam,Regular Task,{'Kuntrapakam Mahesh': 1439},,,,,0,Done,0.0,22-07-2021,,Kuntrapakam Mahesh':
1982,flipkart missing orders,TechTeam,Regular Task,{'Kuntrapakam Mahesh': 1439},,,,,0,Done,0.0,22-07-2021,,Kuntrapakam Mahesh':
1849,running flex to smart,TechTeam,Regular Task,{'Kuntrapakam Mahesh': 1439},lost and found code,,,,0,Done,0.0,21-07-2021,,Kuntrapakam Mahesh':
2509,flipkart missing orders,TechTeam,Regular Task,{'Kuntrapakam Mahesh': 1439},,,,,0,Done,0.0,22-07-2021,,Kuntrapakam Mahesh':
2642,amazon missing orders,TechTeam,Regular Task,{'Kuntrapakam Mahesh': 1439},,,,,0,Done,0.0,22-07-2021,,Kuntrapakam Mahesh':
3632,Order_details_updation,TechTeam,Regular Task,{'Manasa AM': 1398},,,,,0,Done,0.0,26-07-2021,,Manasa AM':
4259,Cancellation data,TechTeam,Irregular Task,{'Manasa AM': 1398},,,,,0,Assigned,0.0,27-07-2021,,Manasa AM':
4027,Postgres duplicates,TechTeam,Regular Task,{'Manasa AM': 1398},,,,,0,Assigned,0.0,26-07-2021,,Manasa AM':
3700,"snapdeal_Payment_updation,manifest_issue,cancellation update",TechTeam,Irregular Task,{'Manasa AM': 1398},,,,,0,Assigned,0.0,26-07-2021,,Manasa AM':
3699,awb updation,TechTeam,Regular Task,{'Manasa AM': 1398},,,,,0,Assigned,0.0,26-07-2021,,Manasa AM':
1882,missing orders - flipkart,TechTeam,Regular Task,{'Manasa AM': 1398},,,,,0,In Progress,0.0,21-07-2021,,Manasa AM':
1651,manifest issues,TechTeam,Irregular Task,{'Manasa AM': 1398},,,,,0,Done,0.0,21-07-2021,,Manasa AM':
1486,Payment_updation_amazon,TechTeam,Irregular Task,{'Manasa AM': 1398},,,,,0,Done,0.0,21-07-2021,,Manasa AM':
1816,manifest issue,TechTeam,Irregular Task,{'Manasa AM': 1398},,,,,0,Assigned,0.0,21-07-2021,,Manasa AM':
1717,mongo duplicates,TechTeam,Regular Task,{'Manasa AM': 1398},,,,,0,Assigned,0.0,20-07-2021,,Manasa AM':
3570,Flipkart payment updation,TechTeam,Regular Task,{'Manasa AM': 1398},,,,,0,Done,0.0,26-07-2021,,Manasa AM':
3568,Run PO Files in Lambda,TechTeam,Irregular Task,{'Pavithra V': 1397},,,,,0,Done,0.0,27-07-2021,,Pavithra V':
3565,lamda monitoring,TechTeam,Irregular Task,{'Pavithra V': 1397},,,,,0,Done,0.0,27-07-2021,,Pavithra V':
2608,WMS to master stock table stock checkup,TechTeam,Irregular Task,{'Pavithra V': 1397},,,,,0,Done,0.0,23-07-2021,,Pavithra V':
2542,kanban training for Harsh,TechTeam,Irregular Task,{'Pavithra V': 1397},,,,,0,Done,0.0,23-07-2021,,Pavithra V':
2641,Seller to smart,TechTeam,Irregular Task,{'Pavithra V': 1397},,,,,0,Done,0.0,23-07-2021,,Pavithra V':
2707,listing,TechTeam,Irregular Task,{'Pavithra V': 1397},,,,,0,Done,0.0,23-07-2021,,Pavithra V':
3599,USP Api checkup for different portals,TechTeam,Irregular Task,{'Pavithra V': 1397},,,,,0,Done,0.0,27-07-2021,,Pavithra V':
2874,Best Price check up for all portals,TechTeam,Irregular Task,{'Pavithra V': 1397},,,,,0,Done,0.0,23-07-2021,,Pavithra V':
4258,lambda monitoring,TechTeam,Irregular Task,{'Pavithra V': 1397},,,,,0,Assigned,0.0,27-07-2021,,Pavithra V':
3928,file creation - by sidharth sir,TechTeam,Irregular Task,{'Pavithra V': 1397},,,,,0,Done,0.0,27-07-2021,,Pavithra V':
2875,Run PO Files in Lambda,TechTeam,Irregular Task,{'Pavithra V': 1397},,,,,0,Done,0.0,23-07-2021,,Pavithra V':
3796,BIGWAYS,TechTeam,Irregular Task,{'Pavithra V': 1397},,,,,0,Done,0.0,27-07-2021,,Pavithra V':
4291,Files for Sidharth sir,TechTeam,Irregular Task,{'Pavithra V': 1397},,,,,0,Assigned,0.0,27-07-2021,,Pavithra V':
4324,BIGWAYS error files checking,TechTeam,Irregular Task,{'Pavithra V': 1397},,,,,0,Assigned,0.0,27-07-2021,,Pavithra V':
2311,Listing - Drools (Amazon and Flipkart),TechTeam,Irregular Task,{'Pavithra V': 1397},,,,,0,Done,0.0,22-07-2021,,Pavithra V':
2410,files for sidharth sir,TechTeam,Irregular Task,{'Pavithra V': 1397},,,,,0,Done,0.0,22-07-2021,,Pavithra V':
2278,Run PO Files in Lambda,TechTeam,Irregular Task,{'Pavithra V': 1397},TSKU PID level user level PO analysis,,,,0,Done,0.0,22-07-2021,,Pavithra V':
4357,trigger vendors,TechTeam,Irregular Task,{'Pavithra V': 1397},,,,,0,Assigned,0.0,27-07-2021,,Pavithra V':
3896,Requirement Calculation check,TechTeam,Irregular Task,{'Pavithra V': 1397},,,,,0,Done,0.0,27-07-2021,,Pavithra V':
3898,trigger vendors,TechTeam,Irregular Task,{'Pavithra V': 1397},,,,,0,Done,0.0,27-07-2021,,Pavithra V':
2939,USP variation check among all portal,TechTeam,Irregular Task,{'Pavithra V': 1397},,,,,0,Done,0.0,27-07-2021,,Pavithra V':
2940,lbh update,TechTeam,Irregular Task,{'Pavithra V': 1397},,,,,0,Done,0.0,27-07-2021,,Pavithra V':
3302,stock issue,TechTeam,Irregular Task,{'Pavithra V': 1397},,,,,0,Done,0.0,27-07-2021,,Pavithra V':
2971,Requirement Calculation check,TechTeam,Irregular Task,{'Pavithra V': 1397},,,,,0,Done,0.0,27-07-2021,,Pavithra V':
3169,WMS to master stock table stock checkup,TechTeam,Irregular Task,{'Pavithra V': 1397},,,,,0,Done,0.0,27-07-2021,,Pavithra V':
3037,providing buymore sku - BY Manasa,TechTeam,Irregular Task,{'Pavithra V': 1397},,,,,0,Done,0.0,27-07-2021,,Pavithra V':
3136,Master stock table to Paytm portal stock update checkup,TechTeam,Irregular Task,{'Pavithra V': 1397},,,,,0,Done,0.0,27-07-2021,,Pavithra V':
2807,lamda monitoring,TechTeam,Irregular Task,{'Pavithra V': 1397},,,,,0,Done,0.0,23-07-2021,,Pavithra V':
3631,scrapping,TechTeam,Irregular Task,{'Pavithra V': 1397},in server,,,,0,Done,0.0,27-07-2021,,Pavithra V':
3235,listing,TechTeam,Irregular Task,{'Pavithra V': 1397},,,,,0,Done,0.0,27-07-2021,,Pavithra V':
3730,listing,TechTeam,Irregular Task,{'Pavithra V': 1397},,,,,0,Done,0.0,27-07-2021,,Pavithra V':
1983,bundling call,TechTeam,Irregular Task,{'Pradeep T U': 1324},call on bundling,,,,0,Assigned,0.0,21-07-2021,,Pradeep T U':
1387,Amazon bundling picklist,TechTeam,Irregular Task,{'Pradeep T U': 1324},Picklist for amazon bundling products,,,,0,In Progress,0.0,22-07-2021,,Pradeep T U':
3830,RTV Module,TechTeam,Irregular Task,{'Pradeep T U': 1324},bin assign for rtv,,,,0,On hold,0.0,29-07-2021,,Pradeep T U':
3368,Smart lost and found for bundling,TechTeam,Irregular Task,{'Pradeep T U': 1324},Bundling stock update lost and found for smart,,,,0,On hold,0.0,26-07-2021,,Pradeep T U':
5611,Smart picklist,TechTeam,Irregular Task,{'Pradeep T U': 1324},,,,,0,In Progress,0.0,29-07-2021,,Pradeep T U':
4984,po not generating-keshav,TechTeam,Irregular Task,{'Pratishtha Tripathi': 811},,,,,0,Done,0.0,28-07-2021,,Pratishtha Tripathi'
5019,Tri-active spray erp flipkart mapping,TechTeam,Irregular Task,{'Pratishtha Tripathi': 811},,,,,0,Done,0.0,28-07-2021,,Pratishtha Tripathi'
5051,Snapdeal stock checkup,TechTeam,Regular Task,{'Pratishtha Tripathi': 811},,,,,0,Done,0.0,28-07-2021,,Pratishtha Tripathi'
5050,Flipkart stock checkup,TechTeam,Regular Task,{'Pratishtha Tripathi': 811},,,,,0,Done,0.0,28-07-2021,,Pratishtha Tripathi'
4787,Drools hsn and tax rate update,TechTeam,Irregular Task,{'Pratishtha Tripathi': 811},,,,,0,Done,0.0,27-07-2021,,Pratishtha Tripathi'
5644,data sharing,TechTeam,Regular Task,{'Pratishtha Tripathi': 811},,,,,0,Done,0.0,29-07-2021,,Pratishtha Tripathi'
5116,bin reco data required,TechTeam,Irregular Task,{'Pratishtha Tripathi': 811},,,,,0,Done,0.0,28-07-2021,,Pratishtha Tripathi'
3170,Godrej SP not reflecting on portal,TechTeam,Irregular Task,{'Pratishtha Tripathi': 811},,,,,0,Done,0.0,23-07-2021,,Pratishtha Tripathi'
4819,paytm stock checkup,TechTeam,Regular Task,{'Pratishtha Tripathi': 811},,,,,0,Done,0.0,27-07-2021,,Pratishtha Tripathi'
4853,master product deletion,TechTeam,Irregular Task,{'Pratishtha Tripathi': 811},,,,,0,Done,0.0,27-07-2021,,Pratishtha Tripathi'
4918,report,TechTeam,Regular Task,{'Pratishtha Tripathi': 811},,,,,0,Done,0.0,27-07-2021,,Pratishtha Tripathi'
5017,Tri-active flipkart erp mapping,TechTeam,Irregular Task,{'Pratishtha Tripathi': 811},,,,,0,Done,0.0,28-07-2021,,Pratishtha Tripathi'
5183,Wms data correction,TechTeam,Irregular Task,{'Pratishtha Tripathi': 811},,,,,0,Done,0.0,28-07-2021,,Pratishtha Tripathi'
5250,MFN stock checkup,TechTeam,Regular Task,{'Pratishtha Tripathi': 811},,,,,0,Done,0.0,28-07-2021,,Pratishtha Tripathi'
5052,paytm stock checkup,TechTeam,Regular Task,{'Pratishtha Tripathi': 811},,,,,0,Done,0.0,28-07-2021,,Pratishtha Tripathi'
2049,PO delete,TechTeam,Irregular Task,{'Pratishtha Tripathi': 811},,,,,0,Done,0.0,22-07-2021,,Pratishtha Tripathi'
4951,data sharing,TechTeam,Regular Task,{'Pratishtha Tripathi': 811},,,,,0,Done,0.0,28-07-2021,,Pratishtha Tripathi'
3532,Snapdeal portal stock checkup,TechTeam,Regular Task,{'Pratishtha Tripathi': 811},,,,,0,Done,0.0,26-07-2021,,Pratishtha Tripathi'
4786,duplicate listing issue,TechTeam,Irregular Task,{'Pratishtha Tripathi': 811},,,,,0,Done,0.0,27-07-2021,,Pratishtha Tripathi'
5809,wms data correction,TechTeam,Regular Task,{'Pratishtha Tripathi': 811},,,,,0,Assigned,0.0,29-07-2021,,Pratishtha Tripathi'
2873,mfn stock checkup all locations,TechTeam,Irregular Task,{'Pratishtha Tripathi': 811},,,,,0,Done,0.0,23-07-2021,,Pratishtha Tripathi'
5711,Flipkart stock checkup,TechTeam,Regular Task,{'Pratishtha Tripathi': 811},,,,,0,Done,0.0,29-07-2021,,Pratishtha Tripathi'
2938,"Smart to seller sku analysis, reason find out",TechTeam,Irregular Task,{'Pratishtha Tripathi': 811},,,,,0,Done,0.0,23-07-2021,,Pratishtha Tripathi'
5713,Snapdeal stock checkup,TechTeam,Regular Task,{'Pratishtha Tripathi': 811},,,,,0,Assigned,0.0,29-07-2021,,Pratishtha Tripathi'
5677,SOR vendor product checkup,TechTeam,Irregular Task,{'Pratishtha Tripathi': 811},,,,,0,Done,0.0,29-07-2021,,Pratishtha Tripathi'
5647,vendor create,TechTeam,Irregular Task,{'Pratishtha Tripathi': 811},,,,,0,Done,0.0,29-07-2021,,Pratishtha Tripathi'
5646,PO delete,TechTeam,Irregular Task,{'Pratishtha Tripathi': 811},,,,,0,Done,0.0,29-07-2021,,Pratishtha Tripathi'
5512,Expiry date data required,TechTeam,Irregular Task,{'Pratishtha Tripathi': 811},,,,,0,Done,0.0,28-07-2021,,Pratishtha Tripathi'
5380,Health&Happiness-listing correction,TechTeam,Irregular Task,{'Pratishtha Tripathi': 811},,,,,0,Done,0.0,28-07-2021,,Pratishtha Tripathi'
5479,vendor create,TechTeam,Irregular Task,{'Pratishtha Tripathi': 811},,,,,0,Done,0.0,28-07-2021,,Pratishtha Tripathi'
5414,Price issue Flipkart,TechTeam,Irregular Task,{'Pratishtha Tripathi': 811},,,,,0,Done,0.0,28-07-2021,,Pratishtha Tripathi'
5413,Price issue Amazon,TechTeam,Irregular Task,{'Pratishtha Tripathi': 811},,,,,0,Done,0.0,28-07-2021,,Pratishtha Tripathi'
2840,wms checkup,TechTeam,Irregular Task,{'Pratishtha Tripathi': 811},,,,,0,Done,0.0,23-07-2021,,Pratishtha Tripathi'
5545,hsn update,TechTeam,Irregular Task,{'Pratishtha Tripathi': 811},,,,,0,Done,0.0,28-07-2021,,Pratishtha Tripathi'
5347,employ creation,TechTeam,Irregular Task,{'Pratishtha Tripathi': 811},,,,,0,Done,0.0,28-07-2021,,Pratishtha Tripathi'
5314,requirement checkup,TechTeam,Irregular Task,{'Pratishtha Tripathi': 811},,,,,0,Done,0.0,28-07-2021,,Pratishtha Tripathi'
3104,mankind vendor create,TechTeam,Irregular Task,{'Pratishtha Tripathi': 811},,,,,0,Done,0.0,23-07-2021,,Pratishtha Tripathi'
3005,Mars Internation India ERP registration,TechTeam,Irregular Task,{'Pratishtha Tripathi': 811},,,,,0,Done,0.0,23-07-2021,,Pratishtha Tripathi'
5215,VLCC ERP corrections,TechTeam,Irregular Task,{'Pratishtha Tripathi': 811},,,,,0,Done,0.0,28-07-2021,,Pratishtha Tripathi'
2179,wms sku checkup,TechTeam,Irregular Task,{'Pratishtha Tripathi': 811},,,,,0,Done,0.0,22-07-2021,,Pratishtha Tripathi'
5020,po data required,TechTeam,Irregular Task,{'Pratishtha Tripathi': 811},,,,,0,Done,0.0,28-07-2021,,Pratishtha Tripathi'
5149,Erp mapping amazon kohinoor combo,TechTeam,Irregular Task,{'Pratishtha Tripathi': 811},,,,,0,Done,0.0,28-07-2021,,Pratishtha Tripathi'
2113,drools flipkart listing,TechTeam,Irregular Task,{'Pratishtha Tripathi': 811},,,,,0,Done,0.0,22-07-2021,,Pratishtha Tripathi'
2905,Regular task analysis,TechTeam,Irregular Task,{'Pratishtha Tripathi': 811},,,,,0,Done,0.0,23-07-2021,,Pratishtha Tripathi'
5281,smart to seller update,TechTeam,Regular Task,{'Pratishtha Tripathi': 811},,,,,0,Done,0.0,28-07-2021,,Pratishtha Tripathi'
2245,MFN stock checkup for all locations,TechTeam,Irregular Task,{'Pratishtha Tripathi': 811},,,,,0,Done,0.0,22-07-2021,,Pratishtha Tripathi'
4720,sale pricing for buymore skus-subh sir,TechTeam,Irregular Task,{'Pratishtha Tripathi': 811},,,,,0,Done,0.0,27-07-2021,,Pratishtha Tripathi'
2576,snapdeal price update,TechTeam,Irregular Task,{'Pratishtha Tripathi': 811},,,,,0,Done,0.0,22-07-2021,,Pratishtha Tripathi'
3961,primal price update issue-keshav,TechTeam,Irregular Task,{'Pratishtha Tripathi': 811},,,,,0,Done,0.0,26-07-2021,,Pratishtha Tripathi'
2146,Unnessary and dublicate PO delete,TechTeam,Irregular Task,{'Pratishtha Tripathi': 811},,,,,0,Done,0.0,22-07-2021,,Pratishtha Tripathi'
3930,Po data required-sidharth sir,TechTeam,Irregular Task,{'Pratishtha Tripathi': 811},,,,,0,Done,0.0,26-07-2021,,Pratishtha Tripathi'
2740,report,TechTeam,Irregular Task,{'Pratishtha Tripathi': 811},,,,,0,Done,0.0,22-07-2021,,Pratishtha Tripathi'
3897,wms to master stock checkup,TechTeam,Regular Task,{'Pratishtha Tripathi': 811},,,,,0,Done,0.0,26-07-2021,,Pratishtha Tripathi'
2773,Data sharing,TechTeam,Irregular Task,{'Pratishtha Tripathi': 811},,,,,0,Done,0.0,23-07-2021,,Pratishtha Tripathi'
4126,Data share,TechTeam,Regular Task,{'Pratishtha Tripathi': 811},,,,,0,Done,0.0,27-07-2021,,Pratishtha Tripathi'
3831,Amazon portal price issue-shivraj sir,TechTeam,Irregular Task,{'Pratishtha Tripathi': 811},,,,,0,Done,0.0,26-07-2021,,Pratishtha Tripathi'
2081,Drools amazon listing,TechTeam,Irregular Task,{'Pratishtha Tripathi': 811},,,,,0,Done,0.0,22-07-2021,,Pratishtha Tripathi'
3400,MFN stock checkup for all locations,TechTeam,Regular Task,{'Pratishtha Tripathi': 811},,,,,0,Done,0.0,26-07-2021,,Pratishtha Tripathi'
3499,Flipkart portal stock checkup,TechTeam,Regular Task,{'Pratishtha Tripathi': 811},,,,,0,Done,0.0,26-07-2021,,Pratishtha Tripathi'
2674,Prices not updated (Flipkart),TechTeam,Irregular Task,{'Pratishtha Tripathi': 811},,,,,0,Done,0.0,23-07-2021,,Pratishtha Tripathi'
3533,amazon price checkup,TechTeam,Irregular Task,{'Pratishtha Tripathi': 811},,,,,0,Done,0.0,26-07-2021,,Pratishtha Tripathi'
3598,paytm stock checkup,TechTeam,Regular Task,{'Pratishtha Tripathi': 811},,,,,0,Done,0.0,26-07-2021,,Pratishtha Tripathi'
5712,Paytm stock checkup,TechTeam,Regular Task,{'Pratishtha Tripathi': 811},,,,,0,Done,0.0,29-07-2021,,Pratishtha Tripathi'
3664,Portal Price not updated (Priority),TechTeam,Irregular Task,{'Pratishtha Tripathi': 811},,,,,0,Done,0.0,26-07-2021,,Pratishtha Tripathi'
3633,Product List required- Purple Panda Fashions Pvt. Ltd,TechTeam,Irregular Task,{'Pratishtha Tripathi': 811},,,,,0,Done,0.0,26-07-2021,,Pratishtha Tripathi'
3367,Data sharing,TechTeam,Irregular Task,{'Pratishtha Tripathi': 811},,,,,0,Done,0.0,26-07-2021,,Pratishtha Tripathi'
4456,team meeting with subh sir,TechTeam,Irregular Task,{'Pratishtha Tripathi': 811},,,,,0,Done,0.0,27-07-2021,,Pratishtha Tripathi'
2377,Regular task analysis,TechTeam,Irregular Task,{'Pratishtha Tripathi': 811},,,,,0,Done,0.0,22-07-2021,,Pratishtha Tripathi'
2777,USP checkup,TechTeam,Irregular Task,{'Pratishtha Tripathi': 811},,,,,0,Done,0.0,23-07-2021,,Pratishtha Tripathi'
4159,madan data checkup,TechTeam,Irregular Task,{'Pratishtha Tripathi': 811},,,,,0,Done,0.0,27-07-2021,,Pratishtha Tripathi'
4489,price issue,TechTeam,Irregular Task,{'Pratishtha Tripathi': 811},,,,,0,Done,0.0,27-07-2021,,Pratishtha Tripathi'
4555,Meeting with sidharth sir regarding listing issue,TechTeam,Irregular Task,{'Pratishtha Tripathi': 811},,,,,0,Done,0.0,28-07-2021,,Pratishtha Tripathi'
4424,Snapdeal stock checkup,TechTeam,Regular Task,{'Pratishtha Tripathi': 811},,,,,0,Done,0.0,27-07-2021,,Pratishtha Tripathi'
4028,po data required2,TechTeam,Irregular Task,{'Pratishtha Tripathi': 811},,,,,0,Done,0.0,26-07-2021,,Pratishtha Tripathi'
3268,Wrong qty showing in Flipkart seller (Listings are in seller only),TechTeam,Irregular Task,{'Pratishtha Tripathi': 811},,,,,0,Done,0.0,23-07-2021,,Pratishtha Tripathi'
3334,report,TechTeam,Irregular Task,{'Pratishtha Tripathi': 811},,,,,0,Done,0.0,23-07-2021,,Pratishtha Tripathi'
4325,PO data required last 3 month-Siddharth sir,TechTeam,Irregular Task,{'Pratishtha Tripathi': 811},,,,,0,Done,0.0,27-07-2021,,Pratishtha Tripathi'
3004,stock checkup,TechTeam,Irregular Task,{'Pratishtha Tripathi': 811},,,,,0,Done,0.0,23-07-2021,,Pratishtha Tripathi'
2476,Kohinoor stock issue,TechTeam,Irregular Task,{'Pratishtha Tripathi': 811},,,,,0,Done,0.0,22-07-2021,,Pratishtha Tripathi'
4060,Report,TechTeam,Regular Task,{'Pratishtha Tripathi': 811},,,,,0,Done,0.0,26-07-2021,,Pratishtha Tripathi'
4390,Flipkart stock checkup,TechTeam,Regular Task,{'Pratishtha Tripathi': 811},,,,,0,Done,0.0,27-07-2021,,Pratishtha Tripathi'
4556,Requirement calculation checkup,TechTeam,Irregular Task,{'Pratishtha Tripathi': 811},,,,,0,Done,0.0,27-07-2021,,Pratishtha Tripathi'
4192,requirement issue checkup,TechTeam,Irregular Task,{'Pratishtha Tripathi': 811},,,,,0,Done,0.0,27-07-2021,,Pratishtha Tripathi'
5810,primal sku issue,TechTeam,Irregular Task,{'Pratishtha Tripathi': 811},,,,,0,In Progress,0.0,29-07-2021,,Pratishtha Tripathi'
1783,Api_binreco_Adjustment,TechTeam,Irregular Task,{'Shubhachintan Negi': 1003},Negetive quantity adjustment,,,,0,Done,0.0,21-07-2021,,Shubhachintan Negi':
1948,Issues and Queries,TechTeam,Irregular Task,{'Shubhachintan Negi': 1003},,,,,0,Done,0.0,22-07-2021,,Shubhachintan Negi':
4225,All Issue,TechTeam,Irregular Task,{'Shubhachintan Negi': 1003},,,,,0,Done,0.0,27-07-2021,,Shubhachintan Negi':
4654,All Issue,TechTeam,Irregular Task,{'Shubhachintan Negi': 1003},,,,,0,Done,0.0,27-07-2021,,Shubhachintan Negi':
4588,Karthik Wireguard Access,TechTeam,Irregular Task,{'Shubhachintan Negi': 1003},,,,,0,Done,0.0,27-07-2021,,Shubhachintan Negi':
2808,Scrapping Instance Status and Size Increment,TechTeam,Irregular Task,{'Shubhachintan Negi': 1003},Already there in small ec2.Need to check the billing based on that we can increase the capacity,,,,0,Done,0.0,23-07-2021,,Shubhachintan Negi':
5710,Inward Quantity Issue,TechTeam,Irregular Task,{'Shubhachintan Negi': 1003},Inward quantity not showing in manage shipment page,,,,0,In Progress,0.0,29-07-2021,,Shubhachintan Negi':
5084,All issues and tasks,TechTeam,Irregular Task,{'Shubhachintan Negi': 1003},,,,,0,Done,0.0,28-07-2021,,Shubhachintan Negi':
1355,Team Meeting,TechTeam,Irregular Task,{'Shubhachintan Negi': 1003},ERP Team Meeting,,,,0,Done,0.0,20-07-2021,,Shubhachintan Negi':
3567,All Issue,TechTeam,Irregular Task,{'Shubhachintan Negi': 1003},,,,,0,Done,0.0,27-07-2021,,Shubhachintan Negi':
2972,Interview,TechTeam,Irregular Task,{'Shubhachintan Negi': 1003},,,,,0,Done,0.0,26-07-2021,,Shubhachintan Negi':
2839,Amazon-Mfn-Orders-Query(Sharath),TechTeam,Irregular Task,{'Shubhachintan Negi': 1003},,,,,0,Done,0.0,26-07-2021,,Shubhachintan Negi':
1354,System Issue,TechTeam,Irregular Task,{'Shubhachintan Negi': 1003},Windows Corrupted,,,,0,Done,0.0,20-07-2021,,Shubhachintan Negi':
2806,Aspire Data,TechTeam,Irregular Task,{'Shubhachintan Negi': 1003},Aspire Payment Data,,,,0,Done,0.0,23-07-2021,,Shubhachintan Negi':
1684,Api_bincheck_rectification,TechTeam,Irregular Task,{'Shubhachintan Negi': 1003},,,,,0,Done,0.0,20-07-2021,,Shubhachintan Negi':
1356,Meeting & Call,TechTeam,Irregular Task,{'Shubhachintan Negi': 1003},Multiple Task,,,,0,Done,0.0,20-07-2021,,Shubhachintan Negi':
1981,Training - Database,TechTeam,Irregular Task,{'Sidharth M': 1010},Training,,,,0,In Progress,0.0,21-07-2021,,Sidharth M':
